Annelise,Royan,474-609-1311,aroyan0@bluehost.com,mlZobK,0,2021-6-11,2022-6-9,user
Hobart,Carles,615-813-1247,hcarles1@ow.ly,jV7V5mk,0,5/3/2022,11/10/2021,admin
Misti,Mayworth,351-460-3149,mmayworth2@wix.com,nAgBntcQ,1,4/13/2022,8/24/2021,user
Colette,Drewitt,382-211-1974,cdrewitt3@smugmug.com,kfzPD0iJn6sl,1,5/28/2022,9/22/2021,user
Ingaborg,Truesdale,255-930-1350,itruesdale4@usa.gov,955DL4aOTfO,1,10/12/2021,7/22/2022,user
Inigo,Collelton,573-374-8591,icollelton5@ifeng.com,G9jqj2TjLr6,1,1/4/2022,5/23/2022,user
Kassia,Habens,668-729-7272,khabens6@marketwatch.com,QyAYulcL,0,3/24/2022,7/13/2022,user
Hillyer,McLaverty,590-844-8036,hmclaverty7@seattletimes.com,7NG2ooRKQH,1,6/2/2022,1/29/2022,user
Bria,Wandrey,186-358-7364,bwandrey8@homestead.com,7qVnfFoGa,1,9/27/2021,3/13/2022,admin
Reid,Beddoes,600-672-3341,rbeddoes9@usda.gov,RmghEH0MB2Ev,1,3/2/2022,7/31/2022,admin
Carrissa,Kilby,983-650-1021,ckilbya@addthis.com,c5Kv73mO,0,11/8/2021,1/17/2022,user
Marji,Cridge,821-274-1033,mcridgeb@macromedia.com,P4mGh4FGp,0,5/14/2022,12/6/2021,user
Davina,Peetermann,798-811-0043,dpeetermannc@cmu.edu,NyIhUFnb,0,4/27/2022,11/17/2021,admin
Wilfrid,Marson,874-615-0246,wmarsond@mapquest.com,Du1IdeXpu,1,8/26/2021,3/15/2022,user
Correy,Olivella,190-381-1386,colivellae@gizmodo.com,IvQFMzo,0,3/20/2022,2/3/2022,user
Hailee,Mauro,149-629-7779,hmaurof@prnewswire.com,dFSCeUsssB,0,10/14/2021,8/8/2022,user
Emile,Courtenay,866-225-6274,ecourtenayg@paginegialle.it,tTPiJLMFa,1,5/19/2022,7/15/2022,user
Chuck,Garley,108-901-3279,cgarleyh@state.gov,P7vKoTiloHW7,0,1/19/2022,10/27/2021,admin
Maryjo,Strephan,928-652-2415,mstrephani@hp.com,IbrsWoEt6W3q,1,3/29/2022,4/1/2022,user
Nickolaus,Shakespeare,857-208-9122,nshakespearej@noaa.gov,ut5mDcB52Ll,1,10/24/2021,10/8/2021,user
Loralee,Wolverson,366-868-5441,lwolversonk@mashable.com,mn1cvagvnk6k,1,12/14/2021,3/9/2022,admin
Gonzalo,Haffenden,907-405-1384,ghaffendenl@163.com,3wMT4dwKcfR,1,9/27/2021,12/26/2021,admin
Kipper,Covet,661-766-6499,kcovetm@wikispaces.com,H9oaMOMG,1,7/20/2022,3/6/2022,user
Dov,Chambers,945-675-6681,dchambersn@illinois.edu,r3o0PWYskjoY,0,3/27/2022,5/15/2022,user
Sigrid,Winspear,424-772-7665,swinspearo@va.gov,B8JShI,1,8/2/2022,8/13/2022,admin
